{"cameraMode":{"drawMode":0,"name":"Shaded","section":"Shading Mode"},"sceneLighting":true,"audioPlay":false,"sceneViewState":{"m_AlwaysRefresh":false,"showFog":true,"showSkybox":false,"showFlares":true,"showImageEffects":true,"showParticleSystems":true,"showVisualEffectGraphs":true,"m_FxEnabled":true},"in2DMode":false,"pivot":{"x":-1.2827545404434205,"y":1.174884557723999,"z":-2.2901251316070558},"rotation":{"x":0.018494565039873124,"y":-0.9752935171127319,"z":0.09132377803325653,"w":0.2005854994058609},"size":2.1388580799102785,"orthographic":false}